repository,forks,diskUsage_KB,stargazers,watchers,issues,commits,pullRequests,updatedAt,projects,status,ahead_by,behind_by
erpragatisingh-AndroidDeveloper/android-SpeedTracker,0,344,0,1,0,5,0,2015-01-12T06:09:12Z,0,behind,0,27
NetworkConnected/android-SpeedTracker,0,348,0,1,0,6,0,2015-02-21T16:07:10Z,0,behind,0,26
rvganesh/android-SpeedTracker,0,348,0,1,0,6,0,2015-03-05T03:40:48Z,0,behind,0,26
yhwang0916/android-SpeedTracker,0,348,0,1,0,6,0,2015-03-28T10:49:52Z,0,behind,0,26
mreddappareddy/android-SpeedTracker,0,352,0,1,0,7,0,2015-04-17T12:01:20Z,0,behind,0,25
panhongjin/android-SpeedTracker,0,352,0,1,0,7,0,2015-04-21T07:22:02Z,0,behind,0,25
carlosedubarreto/android-SpeedTracker,0,348,0,1,0,8,0,2015-05-09T16:52:18Z,0,behind,0,24
seventhmoon/android-SpeedTracker,0,285,0,1,0,10,0,2015-06-09T03:24:55Z,0,behind,0,22
managerchi/android-SpeedTracker,0,379,0,1,0,12,0,2015-06-30T01:51:14Z,0,behind,0,20
TakuCoder/android-SpeedTracker,0,408,0,1,0,13,0,2015-08-10T12:48:59Z,0,behind,0,19
catalin-florescu/android-SpeedTracker,0,243,0,1,0,15,0,2015-08-20T20:51:40Z,0,behind,0,17
nvassilev/android-SpeedTracker,0,199,0,1,0,18,0,2016-01-07T05:52:27Z,0,behind,0,14
Buggaboo/android-SpeedTracker,0,210,0,1,0,30,0,2016-02-21T18:31:20Z,0,diverged,11,13
5bruce/android-SpeedTracker,0,206,0,1,0,19,0,2016-04-07T08:53:11Z,0,behind,0,13
zzmjohn/android-SpeedTracker,0,206,0,1,0,19,0,2016-04-14T06:05:03Z,0,behind,0,13
kleopatra999/android-SpeedTracker,0,221,0,1,0,20,0,2016-05-07T08:44:22Z,0,behind,0,12
sundarsan/android-SpeedTracker,0,221,0,0,0,20,0,2016-05-11T11:35:28Z,0,behind,0,12
sabahirfan/android-SpeedTracker,0,221,0,1,0,20,0,2016-05-17T19:08:42Z,0,behind,0,12
44kksharma/android-SpeedTracker,0,225,0,0,0,21,0,2016-05-19T13:18:37Z,0,behind,0,11
manishnakar/android-SpeedTracker,0,225,0,1,0,21,0,2016-05-29T15:41:54Z,0,behind,0,11
pkdevboxy/android-SpeedTracker,0,225,0,1,0,21,0,2016-06-02T10:07:09Z,0,behind,0,11
Anilpandeya12/android-SpeedTracker,0,225,0,1,0,21,0,2016-06-07T20:12:30Z,0,behind,0,11
will007008/android-SpeedTracker,0,225,0,1,0,21,0,2016-07-04T02:32:18Z,0,behind,0,11
amanparnami/android-SpeedTracker,0,225,0,1,0,21,0,2016-07-26T03:08:36Z,0,behind,0,11
agentraymond232/android-SpeedTracker,0,226,0,1,0,22,0,2016-08-17T16:36:03Z,0,behind,0,10
paladinstha/android-SpeedTracker,0,226,0,0,0,22,0,2016-08-22T05:55:49Z,0,behind,0,10
elvis-tsai/android-SpeedTracker,0,226,0,1,0,22,0,2016-08-30T08:16:52Z,0,behind,0,10
5d3/android-SpeedTracker,0,226,0,1,0,22,0,2016-09-20T02:23:25Z,0,behind,0,10
Aritra1704/android-SpeedTracker,0,226,0,1,0,22,0,2016-09-23T14:18:15Z,0,behind,0,10
razekmaiden/android-SpeedTracker,0,226,0,1,0,22,0,2016-10-17T15:49:06Z,0,behind,0,10
salatacode/android-SpeedTracker,0,226,0,1,0,22,0,2017-04-11T15:40:35Z,0,behind,0,10
HGldJ1966/android-SpeedTracker,0,226,0,1,0,22,0,2016-11-25T18:25:18Z,0,behind,0,10
Buttyx/android-SpeedTracker,0,226,0,1,0,22,0,2016-12-01T10:28:25Z,0,behind,0,10
vitalev/android-SpeedTracker,0,213,0,1,0,23,0,2016-12-31T19:16:15Z,0,behind,0,9
muzammilhussnain14/android-SpeedTracker,0,213,0,0,0,23,0,2017-01-07T17:22:50Z,0,behind,0,9
jaenudin86/android-SpeedTracker,0,213,0,1,0,23,0,2017-01-10T00:37:41Z,0,behind,0,9
simongiesen/android-SpeedTracker,0,213,0,1,0,23,0,2017-01-20T09:23:31Z,0,behind,0,9
pk-codebox-evo/android-apps-android-SpeedTracker,0,213,0,1,0,23,0,2017-01-23T06:10:13Z,0,behind,0,9
KPU2014152034/android-SpeedTracker,0,213,0,0,0,23,0,2017-01-25T07:20:11Z,0,behind,0,9
laketoba360/android-SpeedTracker,0,219,0,0,0,24,0,2017-02-14T08:39:30Z,0,behind,0,8
ketutgunawan/android-SpeedTracker,0,219,0,1,0,24,0,2017-02-21T13:06:57Z,0,behind,0,8
saravanatm/android-SpeedTracker,0,219,0,1,0,24,0,2017-02-22T09:02:34Z,0,behind,0,8
dangngocduc/android-SpeedTracker,0,219,0,1,0,24,0,2017-03-24T03:52:57Z,0,behind,0,8
mgcarrillo/android-SpeedTracker,0,219,0,1,0,24,0,2017-04-01T17:09:14Z,0,behind,0,8
ChokoDeLuna/android-SpeedTracker,0,219,0,1,0,24,0,2017-04-07T02:42:05Z,0,behind,0,8
hayate891/android-SpeedTracker,0,220,0,1,0,25,0,2017-05-20T08:51:03Z,0,behind,0,7
smanishh/android-SpeedTracker,0,221,0,1,0,26,0,2017-07-01T06:17:31Z,0,behind,0,6
osiu97/android-SpeedTracker,0,221,0,1,0,27,0,2017-07-03T09:20:35Z,0,diverged,1,6
bencoman/android-SpeedTracker,0,221,0,1,0,26,0,2017-07-06T08:15:59Z,0,behind,0,6
Saeedaqlan6/android-SpeedTracker,0,221,0,0,0,26,0,2017-07-25T20:13:03Z,0,behind,0,6
chandanmondal/android-SpeedTracker,0,221,0,0,0,26,0,2017-07-30T12:27:20Z,0,behind,0,6
fcmoreira/android-SpeedTracker,0,221,0,1,0,26,0,2017-08-02T23:50:51Z,0,behind,0,6
jiubadao/android-SpeedTracker,0,222,0,1,0,27,0,2017-08-15T08:19:23Z,0,behind,0,5
makadevID/android-SpeedTracker,0,222,0,0,0,27,0,2017-08-16T17:17:45Z,0,behind,0,5
balakrishnan-s/android-SpeedTracker,0,222,0,1,0,27,0,2017-09-06T07:39:02Z,0,behind,0,5
shyamsukhamit/android-SpeedTracker,0,222,0,1,0,27,0,2017-09-28T14:07:30Z,0,behind,0,5
IomarSantos/android-SpeedTracker,0,222,0,1,0,27,0,2017-10-05T07:41:51Z,0,behind,0,5
dedekoko/android-SpeedTracker,0,223,0,1,0,28,0,2017-10-12T20:44:36Z,0,behind,0,4
mauriciozavalagarcia/android-SpeedTracker,0,225,0,1,0,29,0,2017-11-10T21:42:55Z,0,behind,0,3
austinsdoe/android-SpeedTracker,0,225,0,0,0,29,0,2017-11-17T11:38:43Z,0,behind,0,3
KenDUemura/android-SpeedTracker,0,225,0,1,0,29,0,2017-11-25T06:49:33Z,0,behind,0,3
sunilkv/android-SpeedTracker,0,225,0,1,0,29,0,2017-12-04T14:42:59Z,0,behind,0,3
edymaradona/android-SpeedTracker,0,225,0,0,0,29,0,2017-12-16T20:02:39Z,0,behind,0,3
Saurabh05Saxena/android-SpeedTracker,0,225,0,1,0,29,0,2017-12-30T18:30:33Z,0,behind,0,3
bluesqu0821/android-SpeedTracker,0,225,0,1,0,29,0,2018-01-09T07:53:17Z,0,behind,0,3
CXL3/android-SpeedTracker,0,226,0,0,0,30,0,2018-02-02T06:08:03Z,0,behind,0,2
forkedRepo656e/android-SpeedTracker,0,226,0,0,0,30,0,2018-02-06T13:19:36Z,0,behind,0,2
abdalftah-dep/android-SpeedTracker,0,226,0,0,0,30,0,2018-02-16T07:23:43Z,0,behind,0,2
anthrax3/android-SpeedTracker,0,226,0,1,0,30,0,2018-03-05T02:18:28Z,0,behind,0,2
glennneiger/android-SpeedTracker,0,226,0,0,0,30,0,2018-03-26T04:01:38Z,0,behind,0,2
behestee/android-SpeedTracker,0,226,0,1,0,31,0,2018-04-24T17:11:30Z,0,behind,0,1
Alekido7/android-SpeedTracker,0,226,0,0,0,31,0,2018-04-25T18:45:37Z,0,behind,0,1
ajaygosh102/android-SpeedTracker,0,226,0,0,0,31,0,2018-05-31T04:47:59Z,0,behind,0,1
FancyL/android-SpeedTracker,0,226,0,0,0,31,0,2018-06-02T07:32:08Z,0,behind,0,1
huyongqiang/android-SpeedTracker,0,226,0,1,0,31,0,2018-06-16T16:13:17Z,0,behind,0,1
AndyScherzinger/android-SpeedTracker,0,226,0,1,0,31,0,2018-07-12T12:56:14Z,0,behind,0,1
Wonsikjung/android-SpeedTracker,0,228,0,0,0,32,0,2018-08-24T04:53:35Z,0,identical,0,0
jawn/android-SpeedTracker,0,230,0,1,0,32,0,2018-09-02T03:48:37Z,0,identical,0,0
tmuscar/android-SpeedTracker,0,228,0,0,0,32,0,2018-09-05T13:27:12Z,0,identical,0,0
AnaMaTo/android-SpeedTracker,0,228,0,1,0,32,0,2018-09-14T08:16:29Z,0,identical,0,0
mikiec84/android-SpeedTracker,0,261,0,0,0,32,1,2018-09-25T01:00:16Z,0,identical,0,0
MarcoMonteroOropeza/android-SpeedTracker,0,228,0,0,0,32,0,2018-09-26T17:36:44Z,0,identical,0,0
