repository,forks,diskUsage_KB,stargazers,watchers,issues,commits,pullRequests,updatedAt,projects,status,ahead_by,behind_by
kleopatra999/leanback-showcase,0,48973,0,1,0,15,0,2016-05-30T23:11:46Z,0,behind,0,25
pkdevboxy/leanback-showcase,0,48973,0,1,0,15,0,2016-06-02T10:01:05Z,0,behind,0,25
lucioferro/leanback-showcase,0,48973,0,1,0,15,0,2016-06-10T09:05:31Z,0,behind,0,25
jcmore2/leanback-showcase,0,48979,0,1,0,16,0,2016-06-20T13:55:55Z,0,behind,0,24
chonglv/leanback-showcase,0,48979,0,1,0,16,0,2016-06-23T08:46:15Z,0,behind,0,24
susnata1981/leanback-showcase,0,86936,0,1,0,17,0,2016-07-20T18:57:00Z,0,behind,0,23
savana-dance/leanback-showcase,0,86933,0,1,0,18,0,2016-07-24T08:38:14Z,0,behind,0,22
hkngoc/leanback-showcase,0,86933,0,1,0,18,0,2016-07-27T13:33:36Z,0,behind,0,22
Mendim/leanback-showcase,0,86945,0,1,0,20,0,2016-07-28T23:16:37Z,0,behind,0,20
bluemix/leanback-showcase,0,86941,0,1,0,20,0,2016-08-04T09:06:48Z,0,behind,0,20
MizzleDK/leanback-showcase,0,86945,0,1,0,20,0,2016-08-08T11:10:36Z,0,behind,0,20
guillaumectd/leanback-showcase,0,86945,0,1,0,20,0,2016-08-09T09:41:53Z,0,behind,0,20
LLin233/leanback-showcase,0,86945,0,1,0,20,0,2016-08-09T19:52:33Z,0,behind,0,20
zhensunG/leanback-showcase,0,86945,0,1,0,20,0,2016-08-17T17:28:39Z,0,behind,0,20
paladinstha/leanback-showcase,0,86949,0,0,0,24,0,2016-08-22T05:53:34Z,0,behind,0,16
Acccord/leanback-showcase,0,86963,0,1,0,30,0,2016-09-02T02:48:45Z,0,behind,0,10
jianghuashan/leanback-showcase,0,86963,0,1,0,30,0,2016-09-03T02:50:13Z,0,behind,0,10
happyyang/leanback-showcase,0,86963,0,1,0,30,0,2016-09-06T01:59:12Z,0,behind,0,10
kurnia6g/leanback-showcase,0,86963,0,1,0,30,0,2016-09-08T16:27:53Z,0,behind,0,10
matthewbordas/leanback-showcase,0,86963,0,1,0,30,0,2016-09-20T01:55:45Z,0,behind,0,10
digital-guardian/leanback-showcase,0,86989,0,1,0,30,0,2016-09-29T20:07:43Z,0,behind,0,10
Kasun1991/leanback-showcase,0,86989,0,1,0,30,0,2016-09-30T16:34:10Z,0,behind,0,10
zhaoya188/leanback-showcase,0,86989,0,1,0,30,0,2016-10-18T08:53:00Z,0,behind,0,10
coding4Lif3/leanback-showcase,0,86989,0,1,0,30,0,2016-11-10T14:17:26Z,0,behind,0,10
guediagael/leanback-showcase,0,86989,0,1,0,30,0,2016-12-04T01:57:50Z,0,behind,0,10
naseemakhtar994/leanback-showcase,0,86989,0,1,0,30,0,2016-12-05T05:03:29Z,0,behind,0,10
yongjuYoon/leanback-showcase,0,86989,0,0,0,30,0,2016-12-05T08:21:57Z,0,behind,0,10
qq877693928/leanback-showcase,0,86989,0,1,0,30,0,2016-12-05T09:06:39Z,0,behind,0,10
spartawebti/leanback-showcase,0,86989,0,1,0,30,0,2016-12-07T14:41:04Z,0,behind,0,10
repoarchiver/leanback-showcase,0,86989,0,1,0,30,0,2017-01-03T12:15:17Z,0,behind,0,10
kenano/leanback-showcase,0,86989,0,1,0,30,0,2017-01-21T16:41:44Z,0,behind,0,10
pk-codebox-evo/android-apps-leanback-showcase,0,86989,0,1,0,30,0,2017-01-23T07:02:22Z,0,behind,0,10
kevleyski/leanback-showcase,0,86989,0,1,0,30,0,2017-02-02T17:43:34Z,0,behind,0,10
SantaJiang/leanback-showcase,0,86989,0,1,0,30,0,2017-02-20T07:50:28Z,0,behind,0,10
shenyueyue/leanback-showcase,0,86989,0,0,0,30,0,2017-02-20T07:51:56Z,0,behind,0,10
android-fork/leanback-showcase,0,86989,0,1,0,30,0,2017-03-02T08:27:22Z,0,behind,0,10
TranTrungPhong/leanback-showcase,0,86989,0,1,0,30,0,2017-03-06T06:39:17Z,0,behind,0,10
zhaochuanxing/leanback-showcase,0,86972,0,1,0,31,0,2017-03-07T10:58:31Z,0,behind,0,9
zhangtc/leanback-showcase,0,86972,0,1,0,31,0,2017-03-07T15:13:00Z,0,behind,0,9
songwenju/leanback-showcase,0,86972,0,1,0,31,0,2017-03-17T00:18:49Z,0,behind,0,9
BraveAction/leanback-showcase,0,86972,0,1,0,31,0,2017-03-23T00:21:06Z,0,behind,0,9
giffell/leanback-showcase,0,86972,0,1,0,31,0,2017-03-27T14:50:36Z,0,behind,0,9
mukashivn/leanback-showcase,0,86972,0,1,0,31,0,2017-03-30T08:03:26Z,0,behind,0,9
QinGuiCheng/leanback-showcase,0,86972,0,0,0,31,0,2017-04-06T07:30:41Z,0,behind,0,9
jaydenjune/leanback-showcase,0,86975,0,1,0,31,0,2017-04-10T03:44:01Z,0,behind,0,9
ly3721/leanback-showcase,0,86984,0,0,0,32,0,2017-04-11T10:28:45Z,0,behind,0,8
noiserr/leanback-showcase,0,86983,0,1,0,33,0,2017-04-18T15:00:38Z,0,behind,0,7
MurtadhaS/leanback-showcase,0,86985,0,1,0,33,0,2017-04-21T07:41:20Z,0,behind,0,7
jackli688/leanback-showcase,0,86983,0,1,0,33,0,2017-04-21T10:25:37Z,0,behind,0,7
YuXiangZhao/leanback-showcase,0,86983,0,1,0,33,0,2017-04-22T17:19:32Z,0,behind,0,7
hbdzp/leanback-showcase,0,86983,0,1,0,33,0,2017-05-10T07:16:51Z,0,behind,0,7
dakegu/leanback-showcase,0,86983,0,1,0,33,0,2017-05-12T17:40:11Z,0,behind,0,7
Adeling/leanback-showcase,0,87010,0,1,0,35,0,2017-05-22T09:27:25Z,0,behind,0,5
joniknegmatov/leanback-showcase,0,87010,0,1,0,35,0,2017-05-22T14:04:15Z,0,behind,0,5
chaseLim/leanback-showcase,0,87010,0,1,0,35,0,2017-05-24T05:21:16Z,0,behind,0,5
conqs/leanback-showcase,0,87010,0,0,0,35,0,2017-05-27T19:03:04Z,0,behind,0,5
ryn007/leanback-showcase,0,87010,0,1,0,35,0,2017-06-07T02:00:32Z,0,behind,0,5
ldshyun3/leanback-showcase,0,87010,0,1,0,35,0,2017-06-08T14:00:56Z,0,behind,0,5
rsalomao2/leanback-showcase,0,87010,0,1,0,35,0,2017-06-13T19:29:40Z,0,behind,0,5
inbreak/leanback-showcase,0,87010,0,1,0,35,0,2017-06-16T09:00:07Z,0,behind,0,5
engmarconi/leanback-showcase,0,87010,0,1,0,35,0,2017-07-09T01:06:48Z,0,behind,0,5
jiubadao/leanback-showcase,0,87010,0,1,0,35,0,2017-07-09T13:00:22Z,0,behind,0,5
vishal-altbalaji/leanback-showcase,0,87010,0,0,0,35,0,2017-07-12T10:27:32Z,0,behind,0,5
yiwuxue/leanback-showcase,0,87010,0,1,0,35,0,2017-07-13T09:24:12Z,0,behind,0,5
appcounts/leanback-showcase,0,87010,0,0,0,35,0,2017-07-14T10:10:04Z,0,behind,0,5
AtHeaven/leanback-showcase,0,87063,0,1,0,36,0,2017-07-25T12:10:09Z,0,behind,0,4
wgl0419/leanback-showcase,0,87063,0,1,0,36,0,2017-08-15T06:28:30Z,0,behind,0,4
eticzon/leanback-showcase,0,87063,0,1,0,36,0,2017-08-20T21:31:02Z,0,behind,0,4
octacode/leanback-showcase,0,87063,0,1,0,36,0,2017-08-22T22:15:23Z,0,behind,0,4
joshdapp1990/leanback-showcase,0,87063,0,0,0,36,0,2017-08-28T23:57:15Z,0,behind,0,4
desertroad/leanback-showcase,0,87063,0,1,0,36,0,2017-08-31T08:59:46Z,0,behind,0,4
naeemark/leanback-showcase,0,87087,0,1,0,36,0,2017-08-31T09:21:40Z,0,behind,0,4
balakrishnan-s/leanback-showcase,0,87063,0,1,0,36,0,2017-09-05T09:50:31Z,0,behind,0,4
Spuul/leanback-showcase,0,87063,0,1,0,36,0,2017-09-07T10:00:56Z,0,behind,0,4
arttrol/leanback-showcase,0,87571,1,1,0,37,0,2017-09-12T16:31:16Z,0,behind,0,3
generalzou/leanback-showcase,0,87574,0,1,0,38,0,2017-09-19T08:18:54Z,0,behind,0,2
wangrui-spiderNet/leanback-showcase,0,87574,0,1,0,38,0,2017-09-21T01:35:47Z,0,behind,0,2
direkshan-digital/leanback-showcase,0,87574,0,1,0,38,0,2017-09-21T01:37:00Z,0,behind,0,2
datalink747/leanback-showcase,0,87583,0,1,0,39,0,2017-09-25T23:45:16Z,0,behind,0,1
sportsbitenews/leanback-showcase,0,87583,0,0,0,39,0,2017-09-29T02:12:06Z,0,behind,0,1
koffuxu/leanback-showcase,0,87624,0,1,0,40,0,2017-10-30T07:38:42Z,0,identical,0,0
szc900311/leanback-showcase,0,87624,0,1,0,40,0,2017-11-05T03:10:03Z,0,identical,0,0
zhangqian666/leanback-showcase,0,87624,1,1,0,40,0,2017-11-14T02:30:36Z,0,identical,0,0
life02/leanback-showcase,0,87624,0,1,0,40,0,2017-11-27T14:54:07Z,0,identical,0,0
kent-hardstep/leanback-showcase,0,87624,0,0,0,40,0,2017-11-29T11:07:27Z,0,identical,0,0
edymaradona/leanback-showcase,0,87624,0,0,0,40,0,2017-12-16T20:02:30Z,0,identical,0,0
wujichang/leanback-showcase,0,87624,0,1,0,40,0,2017-12-28T02:35:46Z,0,identical,0,0
psmaoalove/leanback-showcase,0,87624,0,1,0,40,0,2018-01-03T09:48:56Z,0,identical,0,0
vane002/leanback-showcase,0,87624,1,1,0,40,0,2018-01-04T02:29:52Z,0,identical,0,0
thimes/leanback-showcase,0,87624,0,0,0,40,0,2018-01-08T19:09:58Z,0,identical,0,0
tang85/leanback-showcase,0,87624,0,1,0,40,0,2018-01-10T14:14:33Z,0,identical,0,0
ArchOrn/leanback-showcase,0,87624,0,0,0,40,0,2018-01-17T10:05:16Z,0,identical,0,0
coffic/leanback-showcase,0,87624,0,1,0,40,0,2018-01-19T15:37:11Z,0,identical,0,0
ANGELOS-TSILAFAKIS/leanback-showcase,0,87624,0,0,0,40,0,2018-01-20T16:14:11Z,0,identical,0,0
jorik041/leanback-showcase,0,87624,0,1,0,40,0,2018-01-20T17:44:18Z,0,identical,0,0
xie123/leanback-showcase,0,87624,0,1,0,40,0,2018-02-02T07:40:16Z,0,identical,0,0
addiegupta/leanback-showcase,0,87624,0,0,0,40,0,2018-02-02T17:56:09Z,0,identical,0,0
PhiloInc/leanback-showcase,0,87624,0,5,0,40,0,2018-02-05T20:40:29Z,0,identical,0,0
JeffMcKnight/leanback-showcase,0,87624,0,1,0,40,0,2018-02-05T21:43:21Z,0,identical,0,0
Clendy/leanback-showcase,0,87624,0,0,0,40,0,2018-02-06T05:19:20Z,0,identical,0,0
msmtmsmt123/leanback-showcase,0,87624,0,0,0,40,0,2018-02-07T17:20:37Z,0,identical,0,0
VivekKumarApps/leanback-showcase,0,87624,0,1,0,40,0,2018-02-11T07:20:00Z,0,identical,0,0
anthrax3/leanback-showcase,0,87624,0,1,0,40,0,2018-03-05T02:18:02Z,0,identical,0,0
lty1989/leanback-showcase,0,87624,0,1,0,40,0,2018-03-06T15:22:00Z,0,identical,0,0
hsg210/leanback-showcase,0,87624,0,0,0,40,0,2018-03-14T05:14:35Z,0,identical,0,0
sm6uhm/leanback-showcase,0,87624,0,1,0,40,0,2018-04-15T21:05:10Z,0,identical,0,0
aglt/leanback-showcase,0,87624,0,2,0,40,0,2018-04-16T17:55:52Z,0,identical,0,0
le11283415/leanback-showcase,0,87624,0,0,0,40,0,2018-04-28T08:23:37Z,0,identical,0,0
Marplex/leanback-showcase,0,87624,0,0,0,40,0,2018-04-28T16:38:04Z,0,identical,0,0
sn790519/leanback-showcase,0,87624,0,1,0,40,0,2018-05-02T01:53:34Z,0,identical,0,0
CharlesMing/leanback-showcase,0,87624,0,1,0,40,0,2018-05-03T03:26:06Z,0,identical,0,0
naroate/leanback-showcase,0,87624,0,1,0,40,0,2018-05-03T06:37:00Z,0,identical,0,0
Cendeal/leanback-showcase,0,87624,0,1,0,40,0,2018-05-04T08:58:41Z,0,identical,0,0
sunilkv/leanback-showcase,0,87624,0,1,0,40,0,2018-05-09T07:22:56Z,0,identical,0,0
MrZhangYang/leanback-showcase,0,87624,0,1,0,40,0,2018-05-09T13:10:27Z,0,identical,0,0
selmon/leanback-showcase,0,87624,0,1,0,40,0,2018-05-17T11:54:28Z,0,identical,0,0
jzfree/leanback-showcase,0,87624,0,1,0,40,0,2018-05-17T13:29:47Z,0,identical,0,0
WeixiangZhang/leanback-showcase,0,87624,0,1,0,40,0,2018-05-19T12:39:07Z,0,identical,0,0
CreamF/leanback-showcase,0,87624,0,1,0,40,0,2018-06-01T01:52:54Z,0,identical,0,0
danixen/leanback-showcase,0,87624,0,1,0,40,0,2018-06-07T12:33:53Z,0,identical,0,0
rtk4616/leanback-showcase,0,87624,0,1,0,40,0,2018-06-12T01:12:46Z,0,identical,0,0
mmm2016/leanback-showcase,0,87624,0,1,0,40,0,2018-06-29T03:26:36Z,0,identical,0,0
mikemustkivi/leanback-showcase,0,87665,0,1,0,40,0,2018-07-09T07:42:36Z,0,identical,0,0
harsmeet/leanback-showcase,0,87624,0,0,0,40,0,2018-07-10T09:13:24Z,0,identical,0,0
freny-bridge/leanback-showcase,0,87624,0,0,0,40,0,2018-07-11T11:06:00Z,0,identical,0,0
konduruvijaykumar/leanback-showcase,0,87624,0,1,0,40,0,2018-07-11T13:32:24Z,0,identical,0,0
tzr0330/leanback-showcase,0,87624,0,1,0,40,0,2018-07-31T09:32:26Z,0,identical,0,0
jin-xinchen/leanback-showcase,0,87624,0,0,0,40,0,2018-07-31T20:32:27Z,0,identical,0,0
weizejianwei/leanback-showcase,0,87624,0,1,0,40,0,2018-08-03T07:33:53Z,0,identical,0,0
wangwb98/leanback-showcase,0,87624,0,1,0,40,0,2018-08-18T06:58:27Z,0,identical,0,0
hongnguyenpro/leanback-showcase,0,87624,0,1,0,40,0,2018-08-21T06:25:08Z,0,identical,0,0
turbogunhawk/leanback-showcase,0,87624,0,1,0,40,0,2018-08-21T19:49:00Z,0,identical,0,0
charlescui/leanback-showcase,0,87624,0,1,0,40,0,2018-08-22T05:54:50Z,0,identical,0,0
shuaijia/leanback-showcase,0,87624,0,1,0,40,0,2018-08-23T10:20:12Z,0,identical,0,0
davebytes/leanback-showcase,0,87624,0,1,0,40,0,2018-08-23T19:02:31Z,0,identical,0,0
adaJQD/leanback-showcase,0,87624,0,1,0,40,0,2018-08-30T09:35:35Z,0,identical,0,0
JasonHungRD/leanback-showcase,0,87624,0,1,0,40,0,2018-09-06T02:05:28Z,0,identical,0,0
stanway123/leanback-showcase,0,87624,0,0,0,40,0,2018-09-06T06:11:58Z,0,identical,0,0
siylt007/leanback-showcase,0,87624,0,1,0,40,0,2018-09-07T02:00:11Z,0,identical,0,0
danhdc0812/leanback-showcase,0,87624,0,0,0,40,0,2018-09-18T07:32:35Z,0,identical,0,0
zhangke200377/leanback-showcase,0,87624,0,0,0,40,0,2018-09-22T11:00:07Z,0,identical,0,0
freny-John/leanback-showcase,0,87624,0,1,0,40,0,2018-09-27T04:49:19Z,0,identical,0,0
XaXoYi369/leanback-showcase,0,87624,0,1,0,40,0,2018-09-27T13:43:22Z,0,identical,0,0
ajpeng/leanback-showcase,0,87624,0,1,0,40,0,2018-09-27T15:17:39Z,0,identical,0,0
Xoya369/leanback-showcase,0,87624,0,0,0,40,0,2018-09-27T15:24:31Z,0,identical,0,0
zhongyoubo/leanback-showcase,0,87624,0,1,0,40,0,2018-10-01T07:33:38Z,0,identical,0,0
00zhengfu00/leanback-showcase,0,87624,0,1,0,40,0,2018-10-17T05:58:12Z,0,identical,0,0
zajhello/leanback-showcase,0,87624,0,1,0,40,0,2018-10-22T14:50:42Z,0,identical,0,0
zhizhongbiao/leanback-showcase,0,87624,0,0,0,40,0,2018-10-24T09:43:01Z,0,identical,0,0
nahuelDeveloper/leanback-showcase,0,87624,0,1,0,40,0,2018-10-25T15:23:45Z,0,identical,0,0
jackiehhop/leanback-showcase,0,87624,0,0,0,40,0,2018-10-25T16:00:05Z,0,identical,0,0
seventhmoon/leanback-showcase,0,87626,0,1,0,40,0,2018-11-15T05:43:50Z,0,identical,0,0
blood-mist/leanback-showcase,0,87624,0,1,0,40,0,2018-11-22T06:55:28Z,0,identical,0,0
wys484112/leanback-showcase,0,87624,0,1,0,40,0,2018-11-23T07:28:04Z,0,identical,0,0
verakern/leanback-showcase,0,87641,0,1,0,41,0,2018-04-30T16:01:51Z,0,ahead,1,0
Plex-VDR-HDHomerun/leanback-showcase,0,104207,0,1,0,41,0,2018-05-11T00:17:56Z,0,ahead,1,0
ElectroBuddha/leanback-showcase,0,87642,0,1,0,42,1,2018-07-10T11:08:35Z,0,ahead,2,0
lijingjiang/leanback-showcase-1,0,87613,0,0,0,45,0,2017-10-06T17:47:48Z,0,diverged,6,1
mankidal19/leanback-showcase,0,128515,0,0,0,61,0,2018-10-17T04:41:41Z,0,ahead,21,0
